rsid,gene,variant_name,genotype,category,risk_allele,effect_size,clinical_significance,phenotype,pmid,clinvar_id,notes
# Kategorien: pharmacogenomics | disease_risk | carrier | longevity | nutrition | other
# effect_size: low | moderate | high
# clinical_significance: benign | likely_benign | uncertain | likely_pathogenic | pathogenic
#
# Beispiele (aus Laborbefunden übernehmen):
# rs1801131,MTHFR,MTHFR A1298C,AC,pharmacogenomics,C,moderate,uncertain,Folsäure-Metabolismus,1303994,,Heterozygot aus Labor XY 2024-03
# rs1801133,MTHFR,MTHFR C677T,CT,pharmacogenomics,T,moderate,uncertain,Homocystein-Stoffwechsel,9042907,,Heterozygot aus Labor XY 2024-03
# rs6025,F5,Factor V Leiden,GG,disease_risk,A,high,pathogenic,Thromboserisiko,7480156,VCV000000014,Negativ (kein Leiden)
# rs1799963,F2,Prothrombin G20210A,GG,disease_risk,A,high,pathogenic,Thromboserisiko,9529386,,Negativ
# rs4680,COMT,COMT Val158Met,AG,pharmacogenomics,A,moderate,benign,Dopamin-Metabolismus / Schmerzwahrnehmung,8817458,,
# rs2297291,HNMT,HNMT T939C,CC,nutrition,C,moderate,uncertain,Histamin-Abbau (N-Methyltransferase),10660300,,MCAS-relevant
