Datum,Uhrzeit,Probe_Art,Volumen_ml,Leukozyten,Urobilinogen,Protein,Bilirubin,Glukose,Ascorbinsaeure,Spez_Gewicht,Ketone,Nitrit,Kreatinin,pH,Blut,Labor,Kommentar
# Probe_Art: spot (Sofortprobe/Mittelstrahlurin) | 24h (Sammelurin)
# Volumen_ml: nur bei 24h-Sammelurin ausfüllen (z.B. 1800), sonst leer lassen
# Datum: YYYY-MM-DD | Uhrzeit: HH:MM (bei 24h = Abgabezeit, bei spot = Probenahme)
#
# Qualitative Werte: neg / pos / trace / + / ++ / +++
# Leukozyten:     Leu/µl     neg | 10 | 25 | 75 | 500
# Urobilinogen:   mg/dl      0.2 | 1 | 2 | 4 | 8
# Protein:        mg/dl      neg | trace | 30 | 100 | 300 | 2000
# Bilirubin:      -          neg | + | ++ | +++
# Glukose:        mg/dl      neg | 50 | 100 | 300 | 1000
# Ascorbinsaeure: mg/l       neg | 40 | 200
# Spez_Gewicht:   g/ml       1.000 – 1.030  (nur spot)
# Ketone:         mg/dl      neg | 5 | 15 | 40 | 80 | 160
# Nitrit:         -          neg | pos
# Kreatinin:      mg/dl      10 | 50 | 100 | 200 | 300 | 500
# pH:             -          5.0 – 8.5
# Blut:           Ery/µl     neg | trace | 10 | 25 | 50 | 250
#
# Beispiel Sofortprobe:
2026-06-28,09:00,spot,,neg,0.2,neg,neg,neg,neg,1.020,neg,neg,100,6.0,neg,Selbsttest,Beispiel – bitte ersetzen
# Beispiel 24h-Sammelurin:
# 2026-06-28,08:00,24h,1750,,,30,,,,,,,150,,,Arztpraxis,Sammelperiode 27.-28.06.
